{
  "manifest": {
    "version": "1.0",
    "export_type": "blueprint",
    "created_at": "2026-01-19T02:49:38.403664Z",
    "created_by": "red-team-training-lab",
    "blueprint_name": "Red Team Training Lab",
    "template_count": 6,
    "checksums": {}
  },
  "blueprint": {
    "name": "Red Team Training Lab",
    "description": "Complete red team training environment with Kali attack box, WordPress SQLi target, Samba DC, file server, and victim workstation. Attack path: SQLi \u2192 Credential theft \u2192 Lateral movement \u2192 Domain compromise",
    "version": 1,
    "base_subnet_prefix": "172.16",
    "next_offset": 0,
    "config": {
      "networks": [
        {
          "name": "internet",
          "subnet": "172.16.0.0/24",
          "gateway": "172.16.0.1",
          "is_isolated": true
        },
        {
          "name": "dmz",
          "subnet": "172.16.1.0/24",
          "gateway": "172.16.1.1",
          "is_isolated": true
        },
        {
          "name": "internal",
          "subnet": "172.16.2.0/24",
          "gateway": "172.16.2.1",
          "is_isolated": true
        }
      ],
      "vms": [
        {
          "hostname": "kali",
          "ip_address": "172.16.0.10",
          "network_name": "internet",
          "template_name": "Red Team - Kali Attack Box",
          "cpu": 4,
          "ram_mb": 4096,
          "disk_gb": 60,
          "position_x": 100,
          "position_y": 200
        },
        {
          "hostname": "redir1",
          "ip_address": "172.16.0.20",
          "network_name": "internet",
          "template_name": "Red Team - Redirector",
          "cpu": 1,
          "ram_mb": 512,
          "disk_gb": 10,
          "position_x": 100,
          "position_y": 300
        },
        {
          "hostname": "redir2",
          "ip_address": "172.16.0.21",
          "network_name": "internet",
          "template_name": "Red Team - Redirector",
          "cpu": 1,
          "ram_mb": 512,
          "disk_gb": 10,
          "position_x": 100,
          "position_y": 400
        },
        {
          "hostname": "webserver",
          "ip_address": "172.16.1.10",
          "network_name": "dmz",
          "template_name": "Red Team - WordPress Target",
          "cpu": 2,
          "ram_mb": 2048,
          "disk_gb": 20,
          "position_x": 400,
          "position_y": 200
        },
        {
          "hostname": "dc01",
          "ip_address": "172.16.2.10",
          "network_name": "internal",
          "template_name": "Samba DC",
          "cpu": 2,
          "ram_mb": 2048,
          "disk_gb": 20,
          "position_x": 700,
          "position_y": 100
        },
        {
          "hostname": "fileserver",
          "ip_address": "172.16.2.20",
          "network_name": "internal",
          "template_name": "Red Team - File Server",
          "cpu": 1,
          "ram_mb": 1024,
          "disk_gb": 10,
          "position_x": 700,
          "position_y": 200
        },
        {
          "hostname": "ws01",
          "ip_address": "172.16.2.30",
          "network_name": "internal",
          "template_name": "Red Team - Victim Workstation",
          "cpu": 1,
          "ram_mb": 1024,
          "disk_gb": 10,
          "position_x": 700,
          "position_y": 300
        }
      ],
      "router": {
        "enabled": true,
        "dhcp_enabled": false
      },
      "msel": null
    }
  },
  "templates": [
    {
      "name": "Red Team - Kali Attack Box",
      "description": "Kali Linux with pre-installed attack tools",
      "os_type": "linux",
      "os_variant": "Kali Linux",
      "base_image": "redteam-lab-kali:latest",
      "vm_type": "container",
      "linux_distro": "kali",
      "boot_mode": null,
      "disk_type": null,
      "default_cpu": 4,
      "default_ram_mb": 4096,
      "default_disk_gb": 60,
      "config_script": null,
      "tags": [
        "attack",
        "kali",
        "red-team"
      ]
    },
    {
      "name": "Red Team - Redirector",
      "description": "Lightweight Alpine redirector for C2 traffic",
      "os_type": "linux",
      "os_variant": "Alpine Linux",
      "base_image": "alpine:latest",
      "vm_type": "container",
      "linux_distro": "alpine",
      "boot_mode": null,
      "disk_type": null,
      "default_cpu": 1,
      "default_ram_mb": 512,
      "default_disk_gb": 10,
      "config_script": "apk add --no-cache socat iptables && echo 1 > /proc/sys/net/ipv4/ip_forward",
      "tags": [
        "redirector",
        "c2",
        "red-team"
      ]
    },
    {
      "name": "Red Team - WordPress Target",
      "description": "WordPress with SQL injection vulnerabilities",
      "os_type": "linux",
      "os_variant": "Ubuntu 22.04",
      "base_image": "redteam-lab-wordpress:latest",
      "vm_type": "container",
      "linux_distro": "ubuntu",
      "boot_mode": null,
      "disk_type": null,
      "default_cpu": 2,
      "default_ram_mb": 2048,
      "default_disk_gb": 20,
      "config_script": null,
      "tags": [
        "target",
        "wordpress",
        "sqli"
      ]
    },
    {
      "name": "Red Team - File Server",
      "description": "Samba file server with sensitive data",
      "os_type": "linux",
      "os_variant": "Ubuntu 22.04",
      "base_image": "redteam-lab-fileserver:latest",
      "vm_type": "container",
      "linux_distro": "ubuntu",
      "boot_mode": null,
      "disk_type": null,
      "default_cpu": 1,
      "default_ram_mb": 1024,
      "default_disk_gb": 10,
      "config_script": null,
      "tags": [
        "target",
        "fileserver",
        "smb"
      ]
    },
    {
      "name": "Red Team - Victim Workstation",
      "description": "Simulated workstation that browses web periodically",
      "os_type": "linux",
      "os_variant": "Ubuntu 22.04",
      "base_image": "redteam-lab-workstation:latest",
      "vm_type": "container",
      "linux_distro": "ubuntu",
      "boot_mode": null,
      "disk_type": null,
      "default_cpu": 1,
      "default_ram_mb": 1024,
      "default_disk_gb": 10,
      "config_script": null,
      "tags": [
        "target",
        "workstation",
        "victim"
      ]
    },
    {
      "name": "Samba DC",
      "description": "Samba 4 Active Directory Domain Controller",
      "os_type": "linux",
      "os_variant": "Ubuntu 22.04",
      "base_image": "cyroid/samba-dc:latest",
      "vm_type": "container",
      "linux_distro": "ubuntu",
      "boot_mode": null,
      "disk_type": null,
      "default_cpu": 2,
      "default_ram_mb": 2048,
      "default_disk_gb": 20,
      "config_script": null,
      "tags": [
        "dc",
        "samba",
        "ad"
      ]
    }
  ]
}