{
  "manifest": {
    "version": "1.0",
    "export_type": "blueprint",
    "created_at": "2026-01-19T02:35:26.669192",
    "created_by": "admin",
    "blueprint_name": "Red Team Training Lab",
    "template_count": 6,
    "checksums": {}
  },
  "blueprint": {
    "name": "Red Team Training Lab",
    "description": "Complete red team training environment with Kali attack box, WordPress SQLi target, Samba DC, file server, and victim workstation. Attack path: SQLi \u2192 Credential theft \u2192 Lateral movement \u2192 Domain compromise",
    "version": 1,
    "base_subnet_prefix": "172.16",
    "next_offset": 0,
    "config": {
      "networks": [
        {
          "name": "internet",
          "subnet": "172.16.0.0/24",
          "gateway": "172.16.0.1",
          "is_isolated": true
        },
        {
          "name": "dmz",
          "subnet": "172.16.1.0/24",
          "gateway": "172.16.1.1",
          "is_isolated": true
        },
        {
          "name": "internal",
          "subnet": "172.16.2.0/24",
          "gateway": "172.16.2.1",
          "is_isolated": true
        }
      ],
      "vms": [
        {
          "hostname": "kali",
          "ip_address": "172.16.0.10",
          "network_name": "internet",
          "template_name": "Red Team - Kali Attack Box",
          "cpu": 4,
          "ram_mb": 4096,
          "disk_gb": 60,
          "position_x": 0,
          "position_y": 0
        },
        {
          "hostname": "redir1",
          "ip_address": "172.16.0.20",
          "network_name": "internet",
          "template_name": "Red Team - Redirector",
          "cpu": 1,
          "ram_mb": 512,
          "disk_gb": 10,
          "position_x": 0,
          "position_y": 0
        },
        {
          "hostname": "redir2",
          "ip_address": "172.16.0.21",
          "network_name": "internet",
          "template_name": "Red Team - Redirector",
          "cpu": 1,
          "ram_mb": 512,
          "disk_gb": 10,
          "position_x": 0,
          "position_y": 0
        },
        {
          "hostname": "webserver",
          "ip_address": "172.16.1.10",
          "network_name": "dmz",
          "template_name": "Red Team - WordPress Target",
          "cpu": 2,
          "ram_mb": 2048,
          "disk_gb": 20,
          "position_x": 0,
          "position_y": 0
        },
        {
          "hostname": "fileserver",
          "ip_address": "172.16.2.20",
          "network_name": "internal",
          "template_name": "Red Team - File Server",
          "cpu": 1,
          "ram_mb": 1024,
          "disk_gb": 10,
          "position_x": 0,
          "position_y": 0
        },
        {
          "hostname": "ws01",
          "ip_address": "172.16.2.30",
          "network_name": "internal",
          "template_name": "Red Team - Victim Workstation",
          "cpu": 1,
          "ram_mb": 1024,
          "disk_gb": 10,
          "position_x": 0,
          "position_y": 0
        },
        {
          "hostname": "dc01",
          "ip_address": "172.16.2.10",
          "network_name": "internal",
          "template_name": "Samba DC",
          "cpu": 2,
          "ram_mb": 2048,
          "disk_gb": 20,
          "position_x": 0,
          "position_y": 0
        }
      ],
      "router": {
        "enabled": true,
        "dhcp_enabled": false
      },
      "msel": null
    }
  },
  "templates": [
    {
      "name": "Samba DC",
      "description": "Samba Active Directory Domain Controller running in a Docker container.\nProvides AD-compatible authentication and directory services for Linux\nenvironments or mixed Windows/Linux networks.\n",
      "os_type": "linux",
      "os_variant": "Samba AD DC",
      "base_image": "cyroid/samba-dc:latest",
      "vm_type": "container",
      "linux_distro": null,
      "boot_mode": "uefi",
      "disk_type": "scsi",
      "default_cpu": 2,
      "default_ram_mb": 2048,
      "default_disk_gb": 20,
      "config_script": null,
      "tags": [
        "server",
        "linux",
        "domain-controller",
        "active-directory",
        "samba",
        "infrastructure"
      ]
    },
    {
      "name": "Red Team - Kali Attack Box",
      "description": "Kali Linux with KasmVNC desktop - includes gobuster, sqlmap, impacket, metasploit, wordlists, and more",
      "os_type": "linux",
      "os_variant": "Kali Linux",
      "base_image": "redteam-lab-kali:latest",
      "vm_type": "container",
      "linux_distro": null,
      "boot_mode": "uefi",
      "disk_type": "scsi",
      "default_cpu": 4,
      "default_ram_mb": 4096,
      "default_disk_gb": 60,
      "config_script": null,
      "tags": [
        "red-team",
        "attacker",
        "kali",
        "desktop"
      ]
    },
    {
      "name": "Red Team - WordPress Target",
      "description": "WordPress with vulnerable Acme Employee Portal plugin (SQLi/XSS)",
      "os_type": "linux",
      "os_variant": "Ubuntu 22.04",
      "base_image": "redteam-lab-wordpress:latest",
      "vm_type": "container",
      "linux_distro": null,
      "boot_mode": "uefi",
      "disk_type": "scsi",
      "default_cpu": 2,
      "default_ram_mb": 2048,
      "default_disk_gb": 20,
      "config_script": "# WordPress auto-configures on startup",
      "tags": [
        "red-team",
        "victim",
        "sqli",
        "xss",
        "wordpress"
      ]
    },
    {
      "name": "Red Team - File Server",
      "description": "Samba file server with sensitive business data",
      "os_type": "linux",
      "os_variant": "Ubuntu 22.04",
      "base_image": "redteam-lab-fileserver:latest",
      "vm_type": "container",
      "linux_distro": null,
      "boot_mode": "uefi",
      "disk_type": "scsi",
      "default_cpu": 1,
      "default_ram_mb": 1024,
      "default_disk_gb": 10,
      "config_script": null,
      "tags": [
        "red-team",
        "victim",
        "samba",
        "exfil-target"
      ]
    },
    {
      "name": "Red Team - Victim Workstation",
      "description": "Simulated employee workstation (BeEF hook target)",
      "os_type": "linux",
      "os_variant": "Ubuntu 22.04",
      "base_image": "redteam-lab-workstation:latest",
      "vm_type": "container",
      "linux_distro": null,
      "boot_mode": "uefi",
      "disk_type": "scsi",
      "default_cpu": 1,
      "default_ram_mb": 1024,
      "default_disk_gb": 10,
      "config_script": null,
      "tags": [
        "red-team",
        "victim",
        "workstation",
        "beef-target"
      ]
    },
    {
      "name": "Red Team - Redirector",
      "description": "Lightweight Alpine redirector for C2 traffic",
      "os_type": "linux",
      "os_variant": "Alpine 3.19",
      "base_image": "alpine:3.19",
      "vm_type": "container",
      "linux_distro": null,
      "boot_mode": "uefi",
      "disk_type": "scsi",
      "default_cpu": 1,
      "default_ram_mb": 512,
      "default_disk_gb": 10,
      "config_script": "apk add --no-cache socat iptables && echo 1 > /proc/sys/net/ipv4/ip_forward",
      "tags": [
        "red-team",
        "attacker",
        "redirector"
      ]
    }
  ]
}