{
  "name": "Red Team - WordPress Target",
  "description": "WordPress with vulnerable Acme Employee Portal plugin (SQLi/XSS)",
  "os_type": "linux",
  "os_variant": "Ubuntu 22.04",
  "base_image": "redteam-lab-wordpress:latest",
  "vm_type": "container",
  "linux_distro": null,
  "boot_mode": "uefi",
  "disk_type": "scsi",
  "default_cpu": 2,
  "default_ram_mb": 2048,
  "default_disk_gb": 20,
  "config_script": "# WordPress auto-configures on startup",
  "tags": [
    "red-team",
    "victim",
    "sqli",
    "xss",
    "wordpress"
  ]
}