{
  "name": "Red Team - Redirector",
  "description": "Lightweight Alpine redirector for C2 traffic",
  "os_type": "linux",
  "os_variant": "Alpine Linux",
  "base_image": "alpine:latest",
  "vm_type": "container",
  "linux_distro": "alpine",
  "boot_mode": null,
  "disk_type": null,
  "default_cpu": 1,
  "default_ram_mb": 512,
  "default_disk_gb": 10,
  "config_script": "apk add --no-cache socat iptables && echo 1 > /proc/sys/net/ipv4/ip_forward",
  "tags": [
    "redirector",
    "c2",
    "red-team"
  ]
}