{
  "name": "Red Team - Kali Attack Box",
  "description": "Kali Linux with KasmVNC desktop - includes gobuster, sqlmap, impacket, metasploit, wordlists, and more",
  "os_type": "linux",
  "os_variant": "Kali Linux",
  "base_image": "redteam-lab-kali:latest",
  "vm_type": "container",
  "linux_distro": null,
  "boot_mode": "uefi",
  "disk_type": "scsi",
  "default_cpu": 4,
  "default_ram_mb": 4096,
  "default_disk_gb": 60,
  "config_script": null,
  "tags": [
    "red-team",
    "attacker",
    "kali",
    "desktop"
  ]
}