{
  "name": "Red Team - Redirector",
  "description": "Lightweight Alpine redirector for C2 traffic",
  "os_type": "linux",
  "os_variant": "Alpine 3.19",
  "base_image": "alpine:3.19",
  "vm_type": "container",
  "linux_distro": null,
  "boot_mode": "uefi",
  "disk_type": "scsi",
  "default_cpu": 1,
  "default_ram_mb": 512,
  "default_disk_gb": 10,
  "config_script": "apk add --no-cache socat iptables && echo 1 > /proc/sys/net/ipv4/ip_forward",
  "tags": [
    "red-team",
    "attacker",
    "redirector"
  ]
}