{
  "name": "Samba DC",
  "description": "Samba Active Directory Domain Controller running in a Docker container.\nProvides AD-compatible authentication and directory services for Linux\nenvironments or mixed Windows/Linux networks.\n",
  "os_type": "linux",
  "os_variant": "Samba AD DC",
  "base_image": "cyroid/samba-dc:latest",
  "vm_type": "container",
  "linux_distro": null,
  "boot_mode": "uefi",
  "disk_type": "scsi",
  "default_cpu": 2,
  "default_ram_mb": 2048,
  "default_disk_gb": 20,
  "config_script": null,
  "tags": [
    "server",
    "linux",
    "domain-controller",
    "active-directory",
    "samba",
    "infrastructure"
  ]
}